{"cameraMode":{"drawMode":0,"name":"Shaded","section":"Shading Mode"},"sceneLighting":false,"audioPlay":false,"sceneViewState":{"showFog":true,"showMaterialUpdate":false,"showSkybox":false,"showFlares":true,"showImageEffects":true,"showParticleSystems":true},"in2DMode":false,"pivot":{"x":13.750244140625,"y":185.25341796875,"z":-1499.8779296875},"rotation":{"x":-0.14380915462970735,"y":-0.009485697373747826,"z":0.0014214725233614445,"w":-0.9896070957183838},"size":1848.2030029296875,"orthographic":false}