{"cameraMode":{"drawMode":0,"name":"Shaded","section":"Shading Mode"},"sceneLighting":false,"audioPlay":false,"sceneViewState":{"showFog":true,"showMaterialUpdate":false,"showSkybox":false,"showFlares":true,"showImageEffects":true,"showParticleSystems":true},"in2DMode":false,"pivot":{"x":-162.3426513671875,"y":20.206024169921876,"z":-1553.33935546875},"rotation":{"x":0.13166117668151856,"y":-0.06422200798988342,"z":0.008479559794068337,"w":0.9892544150352478},"size":1457.0811767578125,"orthographic":false}