{"cameraMode":{"drawMode":0,"name":"Shaded","section":"Shading Mode"},"sceneLighting":true,"audioPlay":false,"sceneViewState":{"showFog":true,"showMaterialUpdate":false,"showSkybox":true,"showFlares":true,"showImageEffects":true,"showParticleSystems":true},"in2DMode":false,"pivot":{"x":34.84401321411133,"y":15.276954650878907,"z":96.89759063720703},"rotation":{"x":-0.08415504544973374,"y":-0.037625737488269809,"z":0.003262485843151808,"w":-0.9958406090736389},"size":27.15288543701172,"orthographic":false}