{"cameraMode":{"drawMode":0,"name":"Shaded","section":"Shading Mode"},"sceneLighting":false,"audioPlay":false,"sceneViewState":{"showFog":true,"showMaterialUpdate":false,"showSkybox":false,"showFlares":true,"showImageEffects":true,"showParticleSystems":true},"in2DMode":false,"pivot":{"x":-150.9166259765625,"y":19.052642822265626,"z":902.4995727539063},"rotation":{"x":-0.07541591674089432,"y":0.1856130212545395,"z":-0.014204456470906735,"w":-0.9797278642654419},"size":119.37567901611328,"orthographic":false}