{"cameraMode":{"drawMode":0,"name":"Shaded","section":"Shading Mode"},"sceneLighting":false,"audioPlay":false,"sceneViewState":{"showFog":true,"showMaterialUpdate":false,"showSkybox":false,"showFlares":true,"showImageEffects":true,"showParticleSystems":true},"in2DMode":false,"pivot":{"x":10.2183837890625,"y":156.1680145263672,"z":4499.62158203125},"rotation":{"x":-0.2067459672689438,"y":-0.07209371775388718,"z":0.015363216400146485,"w":-0.9757161736488342},"size":1848.0360107421875,"orthographic":false}