{"cameraMode":{"drawMode":0,"name":"Shaded","section":"Shading Mode"},"sceneLighting":false,"audioPlay":false,"sceneViewState":{"showFog":true,"showMaterialUpdate":false,"showSkybox":false,"showFlares":true,"showImageEffects":true,"showParticleSystems":true},"in2DMode":false,"pivot":{"x":10.2183837890625,"y":0.14581298828125,"z":1499.62158203125},"rotation":{"x":-0.14380915462970735,"y":-0.009485697373747826,"z":0.0014214725233614445,"w":-0.9896070957183838},"size":805.8159790039063,"orthographic":false}