{"cameraMode":{"drawMode":0,"name":"Shaded","section":"Shading Mode"},"sceneLighting":false,"audioPlay":false,"sceneViewState":{"showFog":true,"showMaterialUpdate":false,"showSkybox":false,"showFlares":true,"showImageEffects":true,"showParticleSystems":true},"in2DMode":false,"pivot":{"x":450.7193603515625,"y":126.37483215332031,"z":1469.0628662109375},"rotation":{"x":-0.19402092695236207,"y":0.024443361908197404,"z":-0.004783574026077986,"w":-0.9807313084602356},"size":1488.8231201171875,"orthographic":false}