{"cameraMode":{"drawMode":0,"name":"Shaded","section":"Shading Mode"},"sceneLighting":false,"audioPlay":false,"sceneViewState":{"showFog":true,"showMaterialUpdate":false,"showSkybox":false,"showFlares":true,"showImageEffects":true,"showParticleSystems":true},"in2DMode":false,"pivot":{"x":12.208953857421875,"y":8.125615119934082,"z":-0.3100738525390625},"rotation":{"x":-0.3140631914138794,"y":0.04531746357679367,"z":-0.014934878796339035,"w":-0.948310911655426},"size":68.83348083496094,"orthographic":false}