{"cameraMode":{"drawMode":0,"name":"Shaded","section":"Shading Mode"},"sceneLighting":false,"audioPlay":false,"sceneViewState":{"showFog":true,"showMaterialUpdate":false,"showSkybox":false,"showFlares":true,"showImageEffects":true,"showParticleSystems":true},"in2DMode":false,"pivot":{"x":36.101112365722659,"y":288.1516418457031,"z":11287.3330078125},"rotation":{"x":-0.6139991283416748,"y":0.03559496998786926,"z":-0.028494834899902345,"w":-0.788226306438446},"size":3542.921875,"orthographic":false}