{"cameraMode":{"drawMode":0,"name":"Shaded","section":"Shading Mode"},"sceneLighting":true,"audioPlay":false,"sceneViewState":{"showFog":true,"showMaterialUpdate":false,"showSkybox":true,"showFlares":true,"showImageEffects":true,"showParticleSystems":true},"in2DMode":false,"pivot":{"x":1191.926025390625,"y":1678.0263671875,"z":11084.1728515625},"rotation":{"x":0.5346747636795044,"y":-0.02665000781416893,"z":0.016902247443795205,"w":0.8447117209434509},"size":6303.9296875,"orthographic":false}