{"cameraMode":{"drawMode":0,"name":"Shaded","section":"Shading Mode"},"sceneLighting":true,"audioPlay":false,"sceneViewState":{"showFog":true,"showMaterialUpdate":false,"showSkybox":true,"showFlares":true,"showImageEffects":true,"showParticleSystems":true},"in2DMode":false,"pivot":{"x":55.8963623046875,"y":23.384719848632814,"z":7122.4306640625},"rotation":{"x":-0.31993746757507326,"y":0.5198749303817749,"z":-0.21846029162406922,"w":-0.7613725066184998},"size":50.552494049072269,"orthographic":false}