{"cameraMode":{"drawMode":0,"name":"Shaded","section":"Shading Mode"},"sceneLighting":true,"audioPlay":false,"sceneViewState":{"showFog":true,"showMaterialUpdate":false,"showSkybox":true,"showFlares":true,"showImageEffects":true,"showParticleSystems":true},"in2DMode":false,"pivot":{"x":-398.00860595703127,"y":-87.248779296875,"z":9643.595703125},"rotation":{"x":-0.5834318995475769,"y":0.005693449638783932,"z":-0.004026420880109072,"w":-0.8123999238014221},"size":1721.4254150390625,"orthographic":false}