{"cameraMode":{"drawMode":0,"name":"Shaded","section":"Shading Mode"},"sceneLighting":false,"audioPlay":false,"sceneViewState":{"showFog":true,"showMaterialUpdate":false,"showSkybox":false,"showFlares":true,"showImageEffects":true,"showParticleSystems":true},"in2DMode":false,"pivot":{"x":-24.843608856201173,"y":0.32460784912109377,"z":1.0118441581726075},"rotation":{"x":0.10366986691951752,"y":-0.0036202967166900636,"z":-0.001167814014479518,"w":0.9950127601623535},"size":60.55209732055664,"orthographic":false}