{"cameraMode":{"drawMode":0,"name":"Shaded","section":"Shading Mode"},"sceneLighting":true,"audioPlay":false,"sceneViewState":{"showFog":true,"showMaterialUpdate":false,"showSkybox":true,"showFlares":true,"showImageEffects":true,"showParticleSystems":true},"in2DMode":false,"pivot":{"x":140.42713928222657,"y":753.1778564453125,"z":-298.9569091796875},"rotation":{"x":-0.49112430214881899,"y":0.027036132290959359,"z":-0.012468061409890652,"w":-0.8710872530937195},"size":1815.38916015625,"orthographic":false}