{"cameraMode":{"drawMode":0,"name":"Shaded","section":"Shading Mode"},"sceneLighting":false,"audioPlay":false,"sceneViewState":{"showFog":true,"showMaterialUpdate":false,"showSkybox":false,"showFlares":true,"showImageEffects":true,"showParticleSystems":true},"in2DMode":false,"pivot":{"x":3.078369140625,"y":79.53996276855469,"z":-1500.195556640625},"rotation":{"x":-0.4202881455421448,"y":0.0182337686419487,"z":-0.008463988080620766,"w":-0.9072821140289307},"size":1033.8580322265625,"orthographic":false}