{"cameraMode":{"drawMode":0,"name":"Shaded","section":"Shading Mode"},"sceneLighting":false,"audioPlay":false,"sceneViewState":{"showFog":true,"showMaterialUpdate":false,"showSkybox":false,"showFlares":true,"showImageEffects":true,"showParticleSystems":true},"in2DMode":false,"pivot":{"x":7.6993560791015629,"y":-59.22651290893555,"z":1843.68359375},"rotation":{"x":-0.2032497227191925,"y":0.10320747643709183,"z":-0.021476076915860177,"w":-0.9735487103462219},"size":1771.9361572265625,"orthographic":false}