{"cameraMode":{"drawMode":0,"name":"Shaded","section":"Shading Mode"},"sceneLighting":false,"audioPlay":false,"sceneViewState":{"showFog":true,"showMaterialUpdate":false,"showSkybox":false,"showFlares":true,"showImageEffects":true,"showParticleSystems":true},"in2DMode":false,"pivot":{"x":50.15639114379883,"y":-2.6753921508789064,"z":1.0118441581726075},"rotation":{"x":-0.019187981262803079,"y":-0.20745660364627839,"z":0.00503870565444231,"w":-0.9784390330314636},"size":87.66056823730469,"orthographic":false}