{"cameraMode":{"drawMode":0,"name":"Shaded","section":"Shading Mode"},"sceneLighting":false,"audioPlay":false,"sceneViewState":{"showFog":true,"showMaterialUpdate":false,"showSkybox":false,"showFlares":true,"showImageEffects":true,"showParticleSystems":true},"in2DMode":false,"pivot":{"x":-61.90643310546875,"y":156.1680145263672,"z":-5614.017578125},"rotation":{"x":-0.002595139667391777,"y":0.9954284429550171,"z":-0.09315784275531769,"w":-0.029550567269325258},"size":1333.8682861328125,"orthographic":false}