{"cameraMode":{"drawMode":0,"name":"Shaded","section":"Shading Mode"},"sceneLighting":false,"audioPlay":false,"sceneViewState":{"showFog":true,"showMaterialUpdate":false,"showSkybox":false,"showFlares":true,"showImageEffects":true,"showParticleSystems":true},"in2DMode":false,"pivot":{"x":263.7729187011719,"y":15.51745319366455,"z":8672.515625},"rotation":{"x":-0.25983983278274538,"y":-0.0023061546962708236,"z":0.0006393267540261149,"w":-0.9658299684524536},"size":460.98223876953127,"orthographic":false}