{"cameraMode":{"drawMode":0,"name":"Shaded","section":"Shading Mode"},"sceneLighting":true,"audioPlay":false,"sceneViewState":{"showFog":true,"showMaterialUpdate":false,"showSkybox":true,"showFlares":true,"showImageEffects":true,"showParticleSystems":true},"in2DMode":false,"pivot":{"x":1005.9443359375,"y":-57.615234375,"z":4438.27685546875},"rotation":{"x":-0.7211424112319946,"y":0.022097771987318994,"z":-0.023287266492843629,"w":-0.6922975778579712},"size":5498.47705078125,"orthographic":false}