{"cameraMode":{"drawMode":0,"name":"Shaded","section":"Shading Mode"},"sceneLighting":false,"audioPlay":false,"sceneViewState":{"showFog":true,"showMaterialUpdate":false,"showSkybox":false,"showFlares":true,"showImageEffects":true,"showParticleSystems":true},"in2DMode":false,"pivot":{"x":61.90643310546875,"y":-134.62539672851563,"z":5614.017578125},"rotation":{"x":-0.05391502007842064,"y":0.13245001435279847,"z":-0.006444158963859081,"w":-0.9899153709411621},"size":0.5318397283554077,"orthographic":false}