{"cameraMode":{"drawMode":0,"name":"Shaded","section":"Shading Mode"},"sceneLighting":false,"audioPlay":false,"sceneViewState":{"showFog":true,"showMaterialUpdate":false,"showSkybox":false,"showFlares":true,"showImageEffects":true,"showParticleSystems":true},"in2DMode":false,"pivot":{"x":10.2183837890625,"y":156.1680145263672,"z":4499.62158203125},"rotation":{"x":-0.29699939489364626,"y":-0.043450646102428439,"z":0.013601417653262616,"w":-0.9540125727653503},"size":1848.0360107421875,"orthographic":false}