{"cameraMode":{"drawMode":0,"name":"Shaded","section":"Shading Mode"},"sceneLighting":false,"audioPlay":false,"sceneViewState":{"showFog":true,"showMaterialUpdate":false,"showSkybox":false,"showFlares":true,"showImageEffects":true,"showParticleSystems":true},"in2DMode":false,"pivot":{"x":-61.90643310546875,"y":156.1680145263672,"z":-5614.017578125},"rotation":{"x":0.007340547163039446,"y":0.9506856203079224,"z":-0.3101138770580292,"w":0.02358827367424965},"size":1377.127197265625,"orthographic":false}