{"cameraMode":{"drawMode":0,"name":"Shaded","section":"Shading Mode"},"sceneLighting":true,"audioPlay":false,"sceneViewState":{"showFog":true,"showMaterialUpdate":false,"showSkybox":true,"showFlares":true,"showImageEffects":true,"showParticleSystems":true},"in2DMode":false,"pivot":{"x":0.080322265625,"y":150.0679931640625,"z":5381.400390625},"rotation":{"x":-0.16882392764091493,"y":0.046417031437158588,"z":-0.007925529964268208,"w":-0.9846162796020508},"size":3445.841552734375,"orthographic":false}