{"cameraMode":{"drawMode":0,"name":"Shaded","section":"Shading Mode"},"sceneLighting":false,"audioPlay":false,"sceneViewState":{"showFog":true,"showMaterialUpdate":false,"showSkybox":false,"showFlares":true,"showImageEffects":true,"showParticleSystems":true},"in2DMode":false,"pivot":{"x":-99.76825714111328,"y":179.48300170898438,"z":-4612.169921875},"rotation":{"x":0.00010810673848027363,"y":0.9998505711555481,"z":-0.016808761283755304,"w":0.006300089415162802},"size":598.903564453125,"orthographic":false}