{"cameraMode":{"drawMode":0,"name":"Shaded","section":"Shading Mode"},"sceneLighting":false,"audioPlay":false,"sceneViewState":{"showFog":true,"showMaterialUpdate":false,"showSkybox":false,"showFlares":true,"showImageEffects":true,"showParticleSystems":true},"in2DMode":false,"pivot":{"x":-0.08021163940429688,"y":-1.8999996185302735,"z":-1.771984577178955},"rotation":{"x":0.023694798350334169,"y":0.02311326563358307,"z":0.00021105863561388105,"w":-0.9996457695960999},"size":65.3091812133789,"orthographic":false}