{"cameraMode":{"drawMode":0,"name":"Shaded","section":"Shading Mode"},"sceneLighting":true,"audioPlay":false,"sceneViewState":{"showFog":true,"showMaterialUpdate":false,"showSkybox":true,"showFlares":true,"showImageEffects":true,"showParticleSystems":true},"in2DMode":false,"pivot":{"x":510.4537048339844,"y":380.3740234375,"z":16.52142333984375},"rotation":{"x":0.01320536807179451,"y":-0.010987927205860615,"z":0.0008691740804351866,"w":-1.0002204179763795},"size":322.2323303222656,"orthographic":false}