{"cameraMode":{"drawMode":0,"name":"Shaded","section":"Shading Mode"},"sceneLighting":false,"audioPlay":false,"sceneViewState":{"showFog":true,"showMaterialUpdate":false,"showSkybox":false,"showFlares":true,"showImageEffects":true,"showParticleSystems":true},"in2DMode":false,"pivot":{"x":10.2183837890625,"y":156.1680145263672,"z":4499.62158203125},"rotation":{"x":-0.12151961028575897,"y":0.0006004427559673786,"z":-0.0000463647666038014,"w":-0.99268639087677},"size":1189.704833984375,"orthographic":false}