{"cameraMode":{"drawMode":0,"name":"Shaded","section":"Shading Mode"},"sceneLighting":false,"audioPlay":false,"sceneViewState":{"showFog":true,"showMaterialUpdate":false,"showSkybox":false,"showFlares":true,"showImageEffects":true,"showParticleSystems":true},"in2DMode":false,"pivot":{"x":-245.5601043701172,"y":230.790283203125,"z":-5535.5771484375},"rotation":{"x":-0.003816792042925954,"y":0.7426212430000305,"z":-0.669697105884552,"w":-0.004232204053550959},"size":1329.5791015625,"orthographic":false}