{"cameraMode":{"drawMode":0,"name":"Shaded","section":"Shading Mode"},"sceneLighting":false,"audioPlay":false,"sceneViewState":{"showFog":true,"showMaterialUpdate":false,"showSkybox":false,"showFlares":true,"showImageEffects":true,"showParticleSystems":true},"in2DMode":false,"pivot":{"x":-19.468795776367189,"y":37.5,"z":8238.7744140625},"rotation":{"x":-0.040696993470191959,"y":0.07249273359775543,"z":-0.0029698119033128025,"w":-0.9966933131217957},"size":747.0142211914063,"orthographic":false}