{"cameraMode":{"drawMode":0,"name":"Shaded","section":"Shading Mode"},"sceneLighting":false,"audioPlay":false,"sceneViewState":{"showFog":true,"showMaterialUpdate":false,"showSkybox":false,"showFlares":true,"showImageEffects":true,"showParticleSystems":true},"in2DMode":false,"pivot":{"x":-14.594409942626954,"y":-171.2408447265625,"z":-4587.6845703125},"rotation":{"x":-0.0021590087562799455,"y":0.8575505614280701,"z":-0.5144023895263672,"w":-0.0036014041397720577},"size":424.7724304199219,"orthographic":false}