{"cameraMode":{"drawMode":1,"name":"Wireframe","section":"Shading Mode"},"sceneLighting":false,"audioPlay":false,"sceneViewState":{"showFog":true,"showMaterialUpdate":false,"showSkybox":false,"showFlares":true,"showImageEffects":true,"showParticleSystems":true},"in2DMode":false,"pivot":{"x":443.39666748046877,"y":345.29541015625,"z":-1433.9801025390625},"rotation":{"x":-0.2218492180109024,"y":-0.031582027673721316,"z":0.007217246573418379,"w":-0.9746419191360474},"size":354.03961181640627,"orthographic":false}