{"cameraMode":{"drawMode":0,"name":"Shaded","section":"Shading Mode"},"sceneLighting":false,"audioPlay":false,"sceneViewState":{"showFog":true,"showMaterialUpdate":false,"showSkybox":false,"showFlares":true,"showImageEffects":true,"showParticleSystems":true},"in2DMode":false,"pivot":{"x":-81.91663360595703,"y":19.052642822265626,"z":2.499561309814453},"rotation":{"x":-0.05666634440422058,"y":-0.021032607182860376,"z":-0.0008820155635476112,"w":0.9983752965927124},"size":210.9108123779297,"orthographic":false}