{"cameraMode":{"drawMode":0,"name":"Shaded","section":"Shading Mode"},"sceneLighting":false,"audioPlay":false,"sceneViewState":{"showFog":true,"showMaterialUpdate":false,"showSkybox":false,"showFlares":true,"showImageEffects":true,"showParticleSystems":true},"in2DMode":false,"pivot":{"x":52.087890625,"y":-43.85831832885742,"z":20229.26953125},"rotation":{"x":0.42553234100341799,"y":-0.03511618450284004,"z":0.017011744901537896,"w":0.9043789505958557},"size":111.49317932128906,"orthographic":false}