{"cameraMode":{"drawMode":0,"name":"Shaded","section":"Shading Mode"},"sceneLighting":false,"audioPlay":false,"sceneViewState":{"showFog":true,"showMaterialUpdate":false,"showSkybox":false,"showFlares":true,"showImageEffects":true,"showParticleSystems":true},"in2DMode":false,"pivot":{"x":3.078369140625,"y":79.53996276855469,"z":-1500.195556640625},"rotation":{"x":-0.2218492180109024,"y":-0.031582027673721316,"z":0.007217246573418379,"w":-0.9746419191360474},"size":3964.829345703125,"orthographic":false}