{"cameraMode":{"drawMode":0,"name":"Shaded","section":"Shading Mode"},"sceneLighting":false,"audioPlay":false,"sceneViewState":{"showFog":true,"showMaterialUpdate":false,"showSkybox":false,"showFlares":true,"showImageEffects":true,"showParticleSystems":true},"in2DMode":false,"pivot":{"x":-89.92259216308594,"y":-121.8814468383789,"z":-5551.765625},"rotation":{"x":-0.0029889410361647608,"y":0.9738463163375855,"z":-0.2278224527835846,"w":-0.012477321550250054},"size":1098.553466796875,"orthographic":false}