{"cameraMode":{"drawMode":0,"name":"Shaded","section":"Shading Mode"},"sceneLighting":true,"audioPlay":false,"sceneViewState":{"showFog":true,"showMaterialUpdate":false,"showSkybox":true,"showFlares":true,"showImageEffects":true,"showParticleSystems":true},"in2DMode":false,"pivot":{"x":-307.7489929199219,"y":907.239990234375,"z":4936.86669921875},"rotation":{"x":-0.4595447778701782,"y":-0.007565145380795002,"z":0.008943882770836354,"w":-0.8886378407478333},"size":2511.61328125,"orthographic":false}