{"cameraMode":{"drawMode":0,"name":"Shaded","section":"Shading Mode"},"sceneLighting":false,"audioPlay":false,"sceneViewState":{"showFog":true,"showMaterialUpdate":false,"showSkybox":false,"showFlares":true,"showImageEffects":true,"showParticleSystems":true},"in2DMode":false,"pivot":{"x":-24.843608856201173,"y":0.32460784912109377,"z":1.0118441581726075},"rotation":{"x":-0.004993945360183716,"y":0.9963144063949585,"z":-0.07961639761924744,"w":-0.042463891208171847},"size":60.55209732055664,"orthographic":false}