{"cameraMode":{"drawMode":0,"name":"Shaded","section":"Shading Mode"},"sceneLighting":false,"audioPlay":false,"sceneViewState":{"showFog":true,"showMaterialUpdate":false,"showSkybox":false,"showFlares":true,"showImageEffects":true,"showParticleSystems":true},"in2DMode":false,"pivot":{"x":2.492046356201172,"y":9.061481475830079,"z":2.6130027770996095},"rotation":{"x":-0.17773935198783875,"y":-0.03705379366874695,"z":0.008296972140669823,"w":-0.9837345480918884},"size":94.25505828857422,"orthographic":false}