{"cameraMode":{"drawMode":0,"name":"Shaded","section":"Shading Mode"},"sceneLighting":false,"audioPlay":false,"sceneViewState":{"showFog":true,"showMaterialUpdate":false,"showSkybox":false,"showFlares":true,"showImageEffects":true,"showParticleSystems":true},"in2DMode":false,"pivot":{"x":3.899489402770996,"y":7.936727523803711,"z":2.6072235107421877},"rotation":{"x":-0.2073814868927002,"y":0.005786222405731678,"z":0.0004425743536558002,"w":-0.9786405563354492},"size":73.82106018066406,"orthographic":false}