{"cameraMode":{"drawMode":0,"name":"Shaded","section":"Shading Mode"},"sceneLighting":false,"audioPlay":false,"sceneViewState":{"showFog":true,"showMaterialUpdate":false,"showSkybox":false,"showFlares":true,"showImageEffects":true,"showParticleSystems":true},"in2DMode":false,"pivot":{"x":3.078369140625,"y":79.53996276855469,"z":-1500.195556640625},"rotation":{"x":-0.29529550671577456,"y":0.11066669225692749,"z":-0.03429818153381348,"w":-0.9484724998474121},"size":1359.801025390625,"orthographic":false}