{"cameraMode":{"drawMode":0,"name":"Shaded","section":"Shading Mode"},"sceneLighting":false,"audioPlay":false,"sceneViewState":{"showFog":true,"showMaterialUpdate":false,"showSkybox":false,"showFlares":true,"showImageEffects":true,"showParticleSystems":true},"in2DMode":false,"pivot":{"x":-61.90643310546875,"y":156.1680145263672,"z":-5614.017578125},"rotation":{"x":0.004741248674690723,"y":0.985969603061676,"z":-0.16449140012264253,"w":0.028404437005519868},"size":2202.417724609375,"orthographic":false}