{"cameraMode":{"drawMode":0,"name":"Shaded","section":"Shading Mode"},"sceneLighting":false,"audioPlay":false,"sceneViewState":{"showFog":true,"showMaterialUpdate":false,"showSkybox":false,"showFlares":true,"showImageEffects":true,"showParticleSystems":true},"in2DMode":false,"pivot":{"x":-30.953216552734376,"y":67.31269836425781,"z":-2807.0087890625},"rotation":{"x":0.0003161621280014515,"y":-0.9983708262443543,"z":0.06028399243950844,"w":0.006231965031474829},"size":2807.986328125,"orthographic":false}