{"cameraMode":{"drawMode":0,"name":"Shaded","section":"Shading Mode"},"sceneLighting":true,"audioPlay":false,"sceneViewState":{"showFog":true,"showMaterialUpdate":false,"showSkybox":true,"showFlares":true,"showImageEffects":true,"showParticleSystems":true},"in2DMode":false,"pivot":{"x":1.362548828125,"y":113.6146469116211,"z":1010.767822265625},"rotation":{"x":-0.0407881885766983,"y":0.023074934259057046,"z":-0.00119463459122926,"w":-0.999081552028656},"size":450.41986083984377,"orthographic":false}