{"cameraMode":{"drawMode":0,"name":"Shaded","section":"Shading Mode"},"sceneLighting":false,"audioPlay":false,"sceneViewState":{"showFog":true,"showMaterialUpdate":false,"showSkybox":false,"showFlares":true,"showImageEffects":true,"showParticleSystems":true},"in2DMode":false,"pivot":{"x":144.50765991210938,"y":172.38134765625,"z":-1565.40087890625},"rotation":{"x":-0.687393307685852,"y":-0.00390870776027441,"z":0.0037245522253215315,"w":-0.7264086008071899},"size":1274.665283203125,"orthographic":false}