{"cameraMode":{"drawMode":0,"name":"Shaded","section":"Shading Mode"},"sceneLighting":false,"audioPlay":false,"sceneViewState":{"showFog":true,"showMaterialUpdate":false,"showSkybox":false,"showFlares":true,"showImageEffects":true,"showParticleSystems":true},"in2DMode":false,"pivot":{"x":1.362548828125,"y":113.6146469116211,"z":-1489.232177734375},"rotation":{"x":-0.5208021998405457,"y":-0.01740913651883602,"z":0.010625585913658142,"w":-0.8536400198936462},"size":2384.28173828125,"orthographic":false}