{"cameraMode":{"drawMode":0,"name":"Shaded","section":"Shading Mode"},"sceneLighting":false,"audioPlay":false,"sceneViewState":{"showFog":true,"showMaterialUpdate":false,"showSkybox":false,"showFlares":true,"showImageEffects":true,"showParticleSystems":true},"in2DMode":false,"pivot":{"x":10.2183837890625,"y":137.88446044921876,"z":1499.62158203125},"rotation":{"x":-0.2190137505531311,"y":-0.011115825735032559,"z":0.0025248255115002395,"w":-0.9756949543952942},"size":1850.191162109375,"orthographic":false}