{"cameraMode":{"drawMode":0,"name":"Shaded","section":"Shading Mode"},"sceneLighting":false,"audioPlay":false,"sceneViewState":{"showFog":true,"showMaterialUpdate":false,"showSkybox":false,"showFlares":true,"showImageEffects":true,"showParticleSystems":true},"in2DMode":false,"pivot":{"x":50.15639114379883,"y":-2.6753921508789064,"z":1.0118441581726075},"rotation":{"x":-0.17201854288578034,"y":0.004166734870523214,"z":0.0002947973262052983,"w":-0.9854705333709717},"size":44.2559700012207,"orthographic":false}