{"cameraMode":{"drawMode":0,"name":"Shaded","section":"Shading Mode"},"sceneLighting":true,"audioPlay":false,"sceneViewState":{"showFog":true,"showMaterialUpdate":false,"showSkybox":true,"showFlares":true,"showImageEffects":true,"showParticleSystems":true},"in2DMode":false,"pivot":{"x":-123.88056945800781,"y":-49.606689453125,"z":6663.7216796875},"rotation":{"x":-0.4817267060279846,"y":0.03259940817952156,"z":-0.01751009188592434,"w":-0.8759088516235352},"size":757.9234619140625,"orthographic":false}