{"cameraMode":{"drawMode":0,"name":"Shaded","section":"Shading Mode"},"sceneLighting":false,"audioPlay":false,"sceneViewState":{"showFog":true,"showMaterialUpdate":false,"showSkybox":false,"showFlares":true,"showImageEffects":true,"showParticleSystems":true},"in2DMode":false,"pivot":{"x":0.0,"y":21.39999771118164,"z":31.200000762939454},"rotation":{"x":-0.10450146347284317,"y":0.019340835511684419,"z":0.0020478011574596168,"w":0.9945405721664429},"size":21.806684494018556,"orthographic":false}