{"cameraMode":{"drawMode":0,"name":"Shaded","section":"Shading Mode"},"sceneLighting":false,"audioPlay":false,"sceneViewState":{"showFog":true,"showMaterialUpdate":false,"showSkybox":false,"showFlares":true,"showImageEffects":true,"showParticleSystems":true},"in2DMode":false,"pivot":{"x":-49.84360885620117,"y":-2.6753921508789064,"z":1.0118441581726075},"rotation":{"x":0.01320536807179451,"y":-0.010987927205860615,"z":0.0008691740804351866,"w":-1.0002204179763795},"size":26.808746337890626,"orthographic":false}