{"cameraMode":{"drawMode":0,"name":"Shaded","section":"Shading Mode"},"sceneLighting":false,"audioPlay":false,"sceneViewState":{"showFog":true,"showMaterialUpdate":false,"showSkybox":false,"showFlares":true,"showImageEffects":true,"showParticleSystems":true},"in2DMode":false,"pivot":{"x":7.6993560791015629,"y":-59.22651290893555,"z":1843.68359375},"rotation":{"x":-0.1749054193496704,"y":-0.0008888006559573114,"z":0.0001578845694893971,"w":-0.9845855236053467},"size":1771.9361572265625,"orthographic":false}